filename,signal
27_20191209_111013_control.png,34.27113285027243
30_20191209_111018_test.png,6.893038965978628
47_20200109_155943_test.png,49.503587757358844
58_20200109_161316_control.png,51.521893832009624
